,Year,Won?,Acting Noms,Acting Wins,Writing Noms,Writing Wins,Directing Noms,Directing Wins,Cinematography Noms,Cinematography Wins,Editing Noms,Editing Wins,Production Design Noms,Production Design Wins,Sound Noms,Sound Wins,Total Nominations,Total Wins
0,2010,0,1,1,0,0,1,0,1,0,1,0,0,0,0,0,4,1
1,2010,0,3,2,1,0,1,0,0,0,1,0,0,0,0,0,6,2
2,2010,0,0,0,1,0,0,0,1,1,0,0,1,0,3,2,6,3
3,2010,0,2,0,1,0,0,0,0,0,0,0,0,0,0,0,3,0
4,2010,1,3,1,1,1,1,1,1,0,1,0,2,0,2,0,11,3
5,2010,0,1,0,1,0,0,0,0,0,1,0,0,0,2,0,5,0
6,2010,0,1,0,1,1,1,0,1,0,1,1,0,0,2,1,7,3
7,2010,0,0,0,1,0,0,0,0,0,0,0,0,0,2,1,3,1
8,2010,0,2,0,1,0,1,0,1,0,0,0,2,0,2,0,9,0
9,2010,0,2,0,1,0,0,0,0,0,0,0,0,0,0,0,3,0
10,2009,0,0,0,0,0,1,0,1,1,1,0,1,1,3,0,7,2
11,2009,0,1,1,0,0,0,0,0,0,0,0,0,0,0,0,1,1
12,2009,0,0,0,1,0,0,0,0,0,1,0,0,0,0,0,2,0
13,2009,0,1,0,1,0,0,0,0,0,0,0,0,0,0,0,2,0
14,2009,1,1,0,1,1,1,1,1,0,1,1,0,0,3,2,8,5
15,2009,0,1,1,1,0,1,0,1,0,1,0,0,0,2,0,7,1
16,2009,0,2,1,1,1,1,0,0,0,1,0,0,0,0,0,5,2
17,2009,0,0,0,1,0,0,0,0,0,0,0,0,0,0,0,1,0
18,2009,0,0,0,1,0,0,0,0,0,0,0,0,0,2,1,3,1
19,2009,0,3,0,1,0,1,0,0,0,0,0,0,0,0,0,5,0
20,2008,0,2,0,1,0,1,0,1,0,1,0,3,2,2,0,11,2
21,2008,0,1,0,1,0,1,0,0,0,1,0,0,0,0,0,4,0
22,2008,0,2,1,1,1,1,0,0,0,1,0,1,0,1,0,7,2
23,2008,0,1,1,1,0,1,0,1,0,0,0,0,0,0,0,4,1
24,2008,1,0,0,1,1,1,1,1,1,1,1,0,0,5,3,9,7
25,2007,0,1,0,1,0,0,0,1,0,0,0,2,0,1,1,6,1
26,2007,0,1,0,1,1,1,0,0,0,0,0,0,0,0,0,3,1
27,2007,0,3,1,1,0,1,0,0,0,0,0,0,0,1,0,6,1
28,2007,1,1,1,1,1,1,1,1,0,1,0,0,0,2,0,7,3
29,2007,0,1,1,1,0,1,0,1,1,1,0,1,0,1,0,7,2
30,2006,0,2,0,1,0,1,0,0,0,1,0,0,0,1,1,6,1
31,2006,1,1,0,1,1,1,1,0,0,1,1,0,0,0,0,4,3
32,2006,0,0,0,1,0,1,0,0,0,0,0,0,0,1,1,3,1
33,2006,0,2,1,1,1,0,0,0,0,0,0,0,0,0,0,3,2
34,2006,0,1,1,1,0,1,0,0,0,0,0,1,0,1,0,5,1
35,2005,0,3,0,1,1,1,1,1,0,0,0,0,0,1,1,7,3
36,2005,0,2,1,1,0,1,0,0,0,0,0,0,0,0,0,4,1
37,2005,1,1,0,1,1,1,0,0,0,1,1,0,0,1,0,5,2
38,2005,0,1,0,1,0,1,0,1,0,0,0,1,0,0,0,5,0
39,2005,0,0,0,1,0,1,0,0,0,1,0,0,0,1,0,4,0
40,2004,0,3,1,1,0,1,0,1,1,1,1,2,2,1,0,10,5
41,2004,0,1,0,1,0,0,0,0,0,1,0,2,0,1,1,6,1
42,2004,1,3,2,1,0,1,1,0,0,1,0,0,0,0,0,6,3
43,2004,0,1,1,0,0,1,0,0,0,1,0,1,0,1,1,5,2
44,2004,0,2,0,1,1,1,0,0,0,0,0,0,0,0,0,4,1
45,2003,1,0,0,1,1,1,1,0,0,1,1,3,3,3,3,9,9
46,2003,0,1,0,1,1,1,0,0,0,0,0,0,0,0,0,3,1
47,2003,0,0,0,0,0,1,0,1,1,1,0,3,0,2,1,8,2
48,2003,0,3,2,1,0,1,0,0,0,0,0,0,0,0,0,5,2
49,2003,0,0,0,1,0,0,0,1,0,1,0,2,0,1,0,6,0
50,2002,1,4,1,1,0,1,0,1,0,1,1,2,2,2,1,12,5
51,2002,0,1,0,1,0,1,0,1,0,1,0,2,0,2,0,9,0
52,2002,0,3,1,1,0,1,0,0,0,1,0,1,0,1,0,8,1
53,2002,0,0,0,0,0,0,0,0,0,1,0,1,0,2,1,4,1
54,2002,0,1,1,1,1,1,1,1,0,1,0,1,0,0,0,6,3
55,2001,1,2,1,1,1,1,1,0,0,1,0,1,0,1,0,7,3
56,2001,0,2,0,1,1,1,0,0,0,0,0,2,0,0,0,6,1
57,2001,0,3,0,1,0,0,0,0,0,0,0,0,0,0,0,4,0
58,2001,0,1,0,1,0,1,0,1,1,1,0,3,1,3,1,11,3
59,2001,0,1,0,0,0,0,0,1,0,1,0,3,2,1,0,7,2
60,2000,0,2,0,1,0,0,0,0,0,0,0,0,0,1,0,4,0
61,2000,0,0,0,1,0,1,0,1,1,1,0,2,1,2,1,8,3
62,2000,0,2,1,1,0,1,0,0,0,0,0,0,0,0,0,4,1
63,2000,1,2,1,1,0,1,0,1,0,1,0,2,1,2,1,10,3
64,2000,0,1,1,1,1,1,1,0,0,1,1,0,0,0,0,4,4
65,1999,1,2,1,1,1,1,1,1,1,1,0,0,0,1,0,7,4
66,1999,0,1,1,1,1,1,0,0,0,1,0,1,0,1,0,6,2
67,1999,0,1,0,1,0,0,0,0,0,0,0,0,0,1,0,3,0
68,1999,0,1,0,1,0,1,0,1,0,1,0,0,0,1,0,6,0
69,1999,0,2,0,1,0,1,0,0,0,1,0,0,0,0,0,5,0
70,1998,0,1,0,0,0,0,0,1,0,0,0,3,1,1,0,6,1
71,1998,0,1,1,1,0,1,0,0,0,1,0,0,0,1,1,5,2
72,1998,0,1,0,1,0,1,1,1,1,1,1,2,0,3,2,10,5
73,1998,1,3,2,1,1,1,0,1,0,1,0,3,2,2,1,12,6
74,1998,0,0,0,1,0,1,0,1,0,1,0,0,0,2,0,6,0
75,1997,0,3,2,1,0,0,0,0,0,1,0,0,0,1,0,6,2
76,1997,0,0,0,1,0,1,0,0,0,0,0,0,0,1,1,3,1
77,1997,0,3,1,1,1,1,0,0,0,1,0,0,0,2,0,8,2
78,1997,0,1,1,1,1,1,0,1,0,1,0,1,0,2,0,8,2
79,1997,1,2,0,0,0,1,1,1,1,1,1,3,2,4,4,12,9
80,1996,1,3,1,1,0,1,1,1,1,1,1,2,2,2,2,11,8
81,1996,0,2,1,1,1,1,0,1,0,1,0,0,0,0,0,6,2
82,1996,0,2,1,1,0,0,0,0,0,1,0,0,0,0,0,4,1
83,1996,0,2,0,1,0,1,0,0,0,0,0,0,0,0,0,4,0
84,1996,0,2,1,1,0,1,0,0,0,1,0,0,0,1,0,6,1
85,1995,0,2,0,1,0,0,0,0,0,1,1,1,0,2,1,7,2
86,1995,0,1,0,1,0,1,0,0,0,1,0,1,0,0,0,5,0
87,1995,1,0,0,1,0,1,1,1,1,1,0,2,1,3,1,9,4
88,1995,0,1,0,1,0,1,0,0,0,0,0,0,0,1,1,4,1
89,1995,0,2,0,1,1,0,0,1,0,0,0,1,0,1,0,6,1
90,1994,1,2,1,1,1,1,1,1,0,1,1,2,0,3,0,11,4
91,1994,0,0,0,1,0,0,0,0,0,0,0,0,0,0,0,1,0
92,1994,0,3,0,1,1,1,0,0,0,1,0,0,0,0,0,6,1
93,1994,0,1,0,1,0,1,0,0,0,0,0,0,0,0,0,3,0
94,1994,0,1,0,1,0,0,0,1,0,1,0,0,0,2,0,6,0
95,1993,0,1,1,0,0,0,0,1,0,1,0,0,0,3,0,6,1
96,1993,0,3,0,1,0,1,0,0,0,1,0,0,0,0,0,6,0
97,1993,0,2,2,1,1,1,0,1,0,1,0,1,0,0,0,7,3
98,1993,0,2,0,1,0,1,0,0,0,0,0,2,0,1,0,7,0
99,1993,1,2,0,1,1,1,1,1,1,1,1,3,1,2,1,11,6
100,1992,0,2,0,1,1,1,0,0,0,1,0,0,0,0,0,5,1
101,1992,0,1,0,0,0,0,0,0,0,1,0,0,0,1,0,3,0
102,1992,0,2,1,1,1,1,0,1,0,0,0,2,1,1,0,8,3
103,1992,0,1,1,1,0,1,0,0,0,0,0,0,0,0,0,3,1
104,1992,1,2,1,1,0,1,1,1,0,1,1,1,0,1,0,8,3
105,1991,0,0,0,0,0,0,0,0,0,0,0,0,0,5,2,5,2
106,1991,0,3,0,1,0,1,0,1,0,0,0,2,2,1,0,9,2
107,1991,0,1,0,1,0,1,0,1,1,1,1,0,0,2,0,7,2
108,1991,0,2,0,1,0,0,0,1,0,0,0,1,0,1,0,6,0
109,1991,1,2,2,1,1,1,1,0,0,1,0,0,0,1,0,6,4
110,1990,0,1,0,1,0,0,0,0,0,0,0,0,0,0,0,2,0
111,1990,1,3,0,1,1,1,1,1,1,1,1,2,0,2,2,11,6
112,1990,0,1,1,1,1,0,0,0,0,1,0,0,0,1,0,4,2
113,1990,0,1,0,0,0,1,0,1,0,1,0,1,0,1,0,6,0
114,1990,0,2,1,1,0,1,0,0,0,1,0,0,0,0,0,5,1
115,1989,0,1,0,1,0,1,1,1,0,1,1,0,0,2,0,7,2
116,1989,0,1,0,1,1,1,0,0,0,0,0,0,0,0,0,3,1
117,1989,1,3,1,1,1,0,0,0,0,1,0,3,1,0,0,8,3
118,1989,0,0,0,1,0,0,0,0,0,0,0,0,0,1,0,2,0
119,1989,0,2,2,1,0,1,0,0,0,0,0,0,0,0,0,4,2
120,1988,0,1,1,1,0,0,0,0,0,0,0,0,0,1,0,3,1
121,1988,0,2,0,1,1,0,0,0,0,0,0,2,2,1,0,6,3
122,1988,0,2,0,0,0,1,0,1,1,1,0,0,0,1,0,6,1
123,1988,1,1,1,1,1,1,1,1,0,1,0,1,0,1,0,7,3
124,1988,0,3,0,0,0,1,0,0,0,0,0,0,0,1,1,5,1
125,1987,0,3,0,1,0,0,0,1,0,1,0,0,0,0,0,6,0
126,1987,0,2,0,1,0,1,0,0,0,1,0,0,0,0,0,5,0
127,1987,0,0,0,1,0,1,0,1,0,0,0,1,0,0,0,4,0
128,1987,1,0,0,1,1,1,1,1,1,1,1,2,2,2,2,8,8
129,1987,0,3,2,1,1,1,0,0,0,0,0,0,0,0,0,5,3
130,1986,0,3,1,1,0,0,0,0,0,0,0,0,0,0,0,4,1
131,1986,0,2,2,1,1,1,0,0,0,1,0,1,0,0,0,6,3
132,1986,0,0,0,0,0,1,0,1,1,1,0,2,0,1,0,6,1
133,1986,1,2,0,1,0,1,1,1,0,1,1,0,0,1,1,7,3
134,1986,0,2,0,1,1,1,0,1,0,0,0,2,2,0,0,7,3
135,1985,0,3,0,1,0,0,0,1,0,0,0,3,0,2,0,10,0
136,1985,0,1,1,1,0,1,0,0,0,0,0,0,0,0,0,3,1
137,1985,1,2,0,1,1,1,1,1,1,1,0,2,1,2,2,10,6
138,1985,0,3,1,1,0,1,0,0,0,1,0,1,0,0,0,7,1
139,1985,0,1,0,1,1,1,0,1,0,1,1,1,0,1,0,7,2
140,1984,1,2,1,1,1,1,1,1,0,1,0,3,3,1,1,10,7
141,1984,0,2,1,1,0,1,0,1,1,1,1,0,0,0,0,6,3
142,1984,0,2,1,1,0,1,0,1,0,1,0,2,0,2,1,10,2
143,1984,0,3,1,1,1,1,0,0,0,0,0,1,0,0,0,6,2
144,1984,0,1,0,1,0,0,0,0,0,0,0,0,0,0,0,2,0
145,1983,0,1,0,1,0,0,0,0,0,0,0,0,0,0,0,2,0
146,1983,0,2,0,1,0,1,0,0,0,0,0,0,0,0,0,4,0
147,1983,0,1,0,0,0,0,0,1,0,1,1,1,0,3,3,7,4
148,1983,0,1,1,1,1,1,0,0,0,0,0,0,0,1,0,4,2
149,1983,1,4,2,1,1,1,1,0,0,1,0,1,0,2,0,10,4
150,1982,0,0,0,1,0,1,0,1,0,1,0,0,0,3,3,7,3
151,1982,1,1,1,1,1,1,1,1,1,1,1,3,2,2,0,10,7
152,1982,0,2,0,1,1,0,0,0,0,0,0,0,0,0,0,3,1
153,1982,0,3,1,1,0,1,0,1,0,1,0,0,0,2,0,9,1
154,1982,0,2,0,1,0,1,0,0,0,0,0,0,0,0,0,4,0
155,1981,0,2,0,1,0,1,0,0,0,0,0,0,0,0,0,4,0
156,1981,1,1,0,1,1,1,0,0,0,1,0,1,1,1,1,6,3
157,1981,0,3,2,1,1,1,0,1,0,1,0,0,0,2,0,9,3
158,1981,0,0,0,0,0,1,0,1,0,1,1,1,1,3,2,7,4
159,1981,0,4,1,1,0,1,1,1,1,1,0,2,0,1,0,11,3
160,1980,0,1,1,1,0,0,0,1,0,1,0,1,0,1,0,6,1
161,1980,0,1,0,1,0,1,0,0,0,1,0,2,0,1,0,7,0
162,1980,1,3,1,1,1,1,1,0,0,0,0,0,0,0,0,5,3
163,1980,0,3,1,0,0,1,0,1,0,1,1,0,0,1,0,7,2
164,1980,0,0,0,0,0,1,0,1,1,0,0,2,2,1,0,5,3
165,1979,0,1,0,1,0,1,0,1,0,1,1,2,2,1,1,8,4
166,1979,0,1,0,1,0,1,0,1,1,1,0,1,0,1,1,7,2
167,1979,0,1,0,1,1,1,0,0,0,0,0,0,0,1,0,4,1
168,1979,1,4,2,1,1,1,1,1,0,1,0,0,0,0,0,8,4
169,1979,0,1,1,1,0,0,0,0,0,0,0,0,0,1,1,3,2
170,1978,0,4,2,1,1,1,0,0,0,1,0,0,0,0,0,7,3
171,1978,1,3,1,1,0,1,1,1,0,1,1,0,0,1,1,8,4
172,1978,0,3,0,1,0,1,0,1,0,0,0,1,1,1,0,8,1
173,1978,0,1,0,1,1,1,0,0,0,1,0,0,0,1,1,5,2
174,1978,0,1,0,1,0,0,0,0,0,0,0,0,0,0,0,2,0
175,1977,1,2,1,1,1,1,1,0,0,0,0,0,0,0,0,4,3
176,1977,0,3,1,1,0,0,0,0,0,0,0,0,0,0,0,4,1
177,1977,0,4,2,1,1,1,0,1,0,1,0,1,0,1,0,10,3
178,1977,0,1,0,1,0,1,0,0,0,1,1,2,2,2,2,8,5
179,1977,0,4,0,1,0,1,0,1,0,1,0,1,0,1,0,10,0
180,1976,0,2,1,1,1,1,0,0,0,1,0,1,1,1,1,7,4
181,1976,0,0,0,1,0,0,0,1,1,1,0,1,0,1,1,5,2
182,1976,0,5,3,1,1,1,0,1,0,1,0,0,0,0,0,9,4
183,1976,1,4,0,1,0,1,1,0,0,1,1,0,0,2,0,9,2
184,1976,0,2,0,0,0,0,0,0,0,0,0,0,0,1,0,3,0
185,1975,0,0,0,1,0,1,0,1,1,0,0,2,2,1,1,6,4
186,1975,0,2,0,1,1,1,0,0,0,1,0,0,0,0,0,5,1
187,1975,0,0,0,0,0,0,0,0,0,1,1,0,0,2,2,3,3
188,1975,0,2,0,0,0,1,0,0,0,0,0,0,0,1,1,4,1
189,1975,1,3,2,1,1,1,1,1,0,1,0,0,0,1,0,8,4
190,1974,0,2,0,1,1,1,0,1,0,1,0,2,0,2,0,10,1
191,1974,0,0,0,1,0,0,0,0,0,0,0,0,0,1,0,2,0
192,1974,1,5,1,1,1,1,1,0,0,0,0,2,1,1,1,10,5
193,1974,0,2,0,1,0,1,0,1,0,0,0,0,0,0,0,5,0
194,1974,0,1,0,0,0,0,0,1,1,1,1,1,0,3,1,7,3
195,1973,0,1,0,1,0,1,0,0,0,1,0,0,0,0,0,4,0
196,1973,0,0,0,1,0,1,0,1,1,0,0,1,0,0,0,4,1
197,1973,0,3,0,1,1,1,0,1,0,1,0,1,0,1,1,9,2
198,1973,1,1,0,1,1,1,1,1,0,1,1,2,2,2,1,9,6
199,1973,0,1,1,1,0,0,0,0,0,0,0,0,0,2,0,4,1
200,1972,0,2,2,1,0,1,1,1,1,1,1,1,1,2,2,9,8
201,1972,0,0,0,0,0,1,0,0,0,1,0,0,0,0,0,2,0
202,1972,0,1,0,1,0,1,0,0,0,0,0,0,0,0,0,3,0
203,1972,1,4,1,1,1,1,0,0,0,1,0,1,0,2,0,10,2
204,1972,0,2,0,1,0,0,0,0,0,0,0,0,0,0,0,3,0
205,1971,0,0,0,1,0,1,0,0,0,1,0,0,0,0,0,3,0
206,1971,0,2,0,0,0,1,0,1,1,0,0,1,0,2,2,7,3
207,1971,1,2,1,1,1,1,1,1,0,1,1,0,0,1,0,7,4
208,1971,0,4,2,1,0,1,0,1,0,0,0,0,0,0,0,7,2
209,1971,0,1,0,0,0,0,0,1,0,0,0,2,2,1,0,5,2
210,1970,0,2,1,1,0,0,0,1,0,1,0,2,0,2,0,9,1
211,1970,0,2,0,1,0,0,0,0,0,0,0,0,0,0,0,3,0
212,1970,0,3,0,1,0,1,0,0,0,0,0,0,0,1,1,6,1
213,1970,0,1,0,1,1,1,0,0,0,1,0,0,0,0,0,4,1
214,1970,1,1,1,1,1,1,1,1,0,1,1,1,1,2,1,8,6
215,1969,0,3,0,1,0,0,0,1,0,0,0,2,1,2,0,9,1
216,1969,0,0,0,1,1,1,0,1,1,0,0,0,0,3,2,6,4
217,1969,0,0,0,0,0,0,0,1,0,1,0,2,1,2,2,6,3
218,1969,1,3,0,1,1,1,1,0,0,1,0,0,0,0,0,6,2
219,1969,0,0,0,1,0,1,0,0,0,1,1,0,0,0,0,3,1
220,1968,0,2,1,0,0,0,0,1,0,1,0,0,0,3,0,7,1
221,1968,0,2,1,1,1,1,0,0,0,0,0,1,0,1,1,6,3
222,1968,1,2,0,1,0,1,1,1,0,1,0,2,1,2,2,10,4
223,1968,0,2,0,1,0,0,0,0,0,0,0,0,0,0,0,3,0
224,1968,0,0,0,0,0,1,0,1,1,0,0,1,1,0,0,3,2
225,1967,0,5,1,1,0,1,0,1,1,0,0,1,0,0,0,9,2
226,1967,0,0,0,0,0,0,0,1,0,1,0,1,0,4,1,7,1
227,1967,0,3,0,1,0,1,1,1,0,0,0,0,0,0,0,6,1
228,1967,0,4,1,1,1,1,0,0,0,1,0,1,0,1,0,9,2
229,1967,1,1,1,1,1,1,0,0,0,1,1,0,0,2,1,6,4
230,1966,0,2,0,1,0,0,0,0,0,0,0,0,0,1,0,4,0
231,1966,1,3,1,1,1,1,1,1,1,0,0,1,1,0,0,7,5
232,1966,0,1,0,1,0,0,0,0,0,1,0,0,0,0,0,3,0
233,1966,0,2,0,0,0,0,0,1,0,1,0,1,0,2,0,7,0
234,1966,0,4,2,1,0,1,0,1,1,1,0,2,2,2,0,12,5
235,1965,0,1,1,1,1,1,0,0,0,0,0,1,1,0,0,4,3
236,1965,0,1,0,1,1,1,0,1,1,1,0,2,2,2,1,9,5
237,1965,0,3,0,1,0,0,0,1,1,0,0,2,1,0,0,7,2
238,1965,1,2,0,0,0,1,1,1,0,1,1,2,0,2,2,9,4
239,1965,0,1,1,1,0,0,0,0,0,0,0,0,0,1,0,3,1
240,1964,0,3,0,1,1,1,0,1,0,1,0,2,0,2,0,11,1
241,1964,0,1,0,1,0,1,0,0,0,0,0,0,0,0,0,3,0
242,1964,0,1,1,1,0,1,0,1,0,1,1,2,0,4,2,11,4
243,1964,1,3,1,1,0,1,1,1,1,1,0,2,2,2,2,11,7
244,1964,0,2,1,1,0,1,0,1,1,0,0,1,1,0,0,6,3
245,1963,0,0,0,1,0,1,0,0,0,0,0,1,1,0,0,3,1
246,1963,0,1,0,0,0,0,0,1,1,1,0,2,2,2,0,7,3
247,1963,0,0,0,1,1,0,0,1,0,1,1,2,0,2,1,7,3
248,1963,0,2,1,1,0,0,0,1,0,0,0,0,0,0,0,4,1
249,1963,1,5,0,1,1,1,1,0,0,0,0,1,0,1,1,9,3
250,1962,1,2,0,1,0,1,1,1,1,1,1,1,1,2,2,9,6
251,1962,0,0,0,0,0,0,0,1,1,1,0,1,0,0,0,3,1
252,1962,0,0,0,0,0,0,0,0,0,1,0,2,0,2,1,5,1
253,1962,0,0,0,0,0,0,0,1,0,1,0,1,0,2,0,5,0
254,1962,0,2,1,1,1,1,0,1,0,0,0,1,1,1,0,7,3
255,1961,0,1,0,0,0,0,0,1,0,1,0,0,0,1,0,4,0
256,1961,0,0,0,1,0,1,0,0,0,1,0,0,0,2,0,5,0
257,1961,0,4,0,1,0,1,0,1,1,0,0,1,1,0,0,8,2
258,1961,0,4,1,1,1,1,0,1,0,1,0,2,0,0,0,10,2
259,1961,1,2,2,1,0,1,1,1,1,1,1,2,2,2,2,10,9
260,1960,0,1,0,0,0,0,0,1,0,1,0,0,0,3,1,6,1
261,1960,1,3,0,1,1,1,1,1,0,1,1,1,1,1,0,9,4
262,1960,0,2,2,1,1,0,0,0,0,0,0,0,0,1,0,4,3
263,1960,0,2,0,1,0,1,0,1,1,0,0,1,0,0,0,6,1
264,1960,0,2,0,1,0,1,0,0,0,0,0,0,0,0,0,4,0
265,1959,0,3,0,1,0,0,0,1,0,1,0,0,0,0,0,6,0
266,1959,1,2,2,1,0,1,1,1,1,1,1,2,2,2,2,10,9
267,1959,0,2,1,0,0,1,0,1,1,0,0,2,1,1,0,7,3
268,1959,0,1,0,1,0,1,0,1,0,1,0,0,0,2,0,7,0
269,1959,0,3,1,1,1,1,0,0,0,0,0,0,0,0,0,5,2
270,1958,0,2,0,0,0,0,0,1,0,1,0,1,0,0,0,5,0
271,1958,0,2,0,1,0,1,0,1,0,0,0,0,0,0,0,5,0
272,1958,0,4,0,1,1,1,0,1,1,1,0,0,0,0,0,8,2
273,1958,1,0,0,1,1,1,1,1,1,1,1,2,2,2,2,8,8
274,1958,0,3,2,1,0,0,0,1,0,0,0,0,0,1,0,6,2
275,1957,1,2,1,1,1,1,1,1,1,1,1,0,0,1,1,7,6
276,1957,0,5,0,1,0,1,0,1,0,0,0,0,0,0,0,8,0
277,1957,0,3,2,1,0,1,0,1,0,1,0,1,1,1,1,9,4
278,1957,0,0,0,1,0,1,0,0,0,0,0,0,0,0,0,2,0
279,1957,0,2,0,0,0,1,0,0,0,1,0,0,0,1,0,5,0
280,1956,1,0,0,1,1,1,0,1,1,1,1,2,0,1,1,7,4
281,1956,0,1,0,1,0,1,0,0,0,0,0,0,0,2,0,5,0
282,1956,0,3,0,1,0,1,1,0,0,1,0,2,0,1,0,9,1
283,1956,0,2,1,0,0,1,0,1,0,0,0,2,2,2,2,8,5
284,1956,0,0,0,0,0,0,0,1,0,1,0,2,0,1,0,5,0
285,1955,0,1,0,0,0,0,0,1,0,0,0,2,1,3,2,7,3
286,1955,1,3,1,1,1,1,1,1,0,0,0,1,0,0,0,7,3
287,1955,0,1,1,0,0,0,0,0,0,0,0,0,0,1,0,2,1
288,1955,0,1,0,0,0,1,0,0,0,1,1,1,1,1,0,5,2
289,1955,0,2,1,0,0,0,0,1,1,1,0,2,1,1,0,7,3
290,1954,0,2,0,1,0,0,0,0,0,1,0,0,0,2,0,6,0
291,1954,0,2,1,1,1,1,0,1,0,0,0,1,0,0,0,6,2
292,1954,1,5,2,1,1,1,1,1,1,1,1,1,1,1,0,11,7
293,1954,0,0,0,1,0,0,0,1,0,1,0,0,0,1,1,4,1
294,1954,0,0,0,0,0,0,0,1,1,0,0,0,0,1,1,2,2
295,1953,1,5,2,1,1,1,1,1,1,1,1,1,0,2,1,12,7
296,1953,0,1,0,0,0,0,0,1,0,0,0,1,1,1,0,4,1
297,1953,0,1,0,0,0,0,0,1,0,0,0,2,2,0,0,4,2
298,1953,0,2,1,2,1,1,0,1,0,1,0,2,1,0,0,9,3
299,1953,0,2,0,1,0,1,0,1,1,0,0,0,0,0,0,5,1
300,1952,1,0,0,1,1,1,0,0,0,1,0,1,0,0,0,4,1
301,1952,0,1,1,1,0,1,0,0,0,1,1,0,0,2,2,6,4
302,1952,0,0,0,0,0,0,0,1,0,0,0,0,0,1,0,2,0
303,1952,0,2,0,0,0,1,0,0,0,1,0,2,2,0,0,6,2
304,1952,0,1,0,1,0,1,1,1,1,0,0,1,0,1,0,6,2
305,1951,1,0,0,1,1,1,0,1,1,1,0,2,2,1,1,7,5
306,1951,0,0,0,0,0,0,0,0,0,1,0,0,0,0,0,1,0
307,1951,0,2,0,1,1,1,1,1,1,1,1,1,1,1,1,8,6
308,1951,0,2,0,0,0,0,0,1,0,1,0,2,0,1,0,7,0
309,1951,0,4,3,1,0,1,0,1,0,0,0,2,1,2,0,11,4
310,1950,1,5,1,1,1,1,1,1,0,1,0,2,1,2,1,13,5
311,1950,0,1,1,1,0,1,0,0,0,0,0,1,0,0,0,4,1
312,1950,0,1,0,1,0,0,0,0,0,0,0,0,0,0,0,2,0
313,1950,0,0,0,0,0,0,0,1,1,1,1,0,0,0,0,2,2
314,1950,0,4,0,1,1,1,0,1,0,1,0,1,1,1,1,10,3
315,1949,1,3,2,1,0,1,0,0,0,1,0,0,0,0,0,6,2
316,1949,0,1,0,1,1,1,0,1,1,1,0,0,0,0,0,5,2
317,1949,0,2,1,0,0,1,0,1,0,0,0,2,2,1,1,7,4
318,1949,0,0,0,1,1,1,1,0,0,0,0,0,0,0,0,2,2
319,1949,0,2,1,0,0,0,0,0,0,0,0,0,0,1,1,3,2
320,1948,1,2,1,0,0,1,0,0,0,0,0,2,2,1,0,6,3
321,1948,0,4,1,1,0,1,0,1,0,1,0,1,0,2,0,11,1
322,1948,0,0,0,1,0,0,0,0,0,1,0,1,1,1,1,4,2
323,1948,0,1,0,1,0,1,0,0,0,0,0,0,0,2,1,5,1
324,1948,0,1,1,1,1,1,1,0,0,0,0,0,0,0,0,3,3
325,1947,0,0,0,0,0,1,0,0,0,1,0,0,0,2,1,4,1
326,1947,0,2,0,1,0,1,0,0,0,0,0,0,0,0,0,4,0
327,1947,1,4,1,1,0,1,1,0,0,1,0,0,0,0,0,7,2
328,1947,0,0,0,1,0,1,0,1,1,0,0,1,1,0,0,4,2
329,1947,0,1,1,2,2,0,0,0,0,0,0,0,0,0,0,3,3
330,1946,1,2,2,1,1,1,1,0,0,1,1,0,0,2,1,7,6
331,1946,0,1,0,0,0,0,0,0,0,0,0,1,0,1,0,3,0
332,1946,0,1,0,0,0,1,0,0,0,1,0,0,0,1,0,4,0
333,1946,0,2,1,0,0,0,0,0,0,0,0,1,0,0,0,3,1
334,1946,0,2,0,0,0,1,0,1,1,1,0,1,1,0,0,6,2
335,1945,0,1,0,0,0,0,0,1,0,0,0,0,0,2,1,4,1
336,1945,0,2,0,0,0,1,0,0,0,1,0,0,0,3,1,7,1
337,1945,1,1,1,1,1,1,1,1,0,1,0,0,0,1,0,6,3
338,1945,0,3,1,1,0,0,0,1,0,0,0,0,0,0,0,5,1
339,1945,0,1,0,0,0,1,0,1,0,0,0,0,0,1,1,4,1
340,1944,0,1,0,1,0,1,0,1,0,0,0,0,0,2,0,6,0
341,1944,0,3,1,1,0,0,0,1,0,0,0,1,1,0,0,6,2
342,1944,1,3,2,2,2,1,1,1,0,1,0,0,0,1,1,9,6
343,1944,0,3,0,0,0,0,0,1,0,1,0,1,0,1,1,7,1
344,1944,0,1,0,1,1,1,0,1,1,1,1,1,1,2,1,8,5
345,1943,1,2,0,1,1,1,1,1,0,1,0,0,0,1,0,7,2
346,1943,0,4,1,0,0,0,0,1,0,1,0,1,0,1,0,8,1
347,1943,0,0,0,0,0,1,0,1,0,0,0,0,0,0,0,2,0
348,1943,0,1,0,1,1,1,0,1,0,0,0,0,0,0,0,4,1
349,1943,0,0,0,1,0,0,0,0,0,0,0,0,0,0,0,1,0
350,1943,0,2,0,0,0,0,0,1,0,0,0,1,0,2,0,6,0
351,1943,0,2,1,2,0,1,0,0,0,0,0,0,0,0,0,5,1
352,1943,0,0,0,0,0,0,0,0,0,0,0,0,0,0,0,0,0
353,1943,0,4,1,1,0,1,0,1,1,1,0,1,1,2,1,11,4
354,1943,0,2,1,1,0,0,0,0,0,0,0,0,0,0,0,3,1
355,1942,0,0,0,2,1,0,0,0,0,0,0,0,0,0,0,2,1
356,1942,0,0,0,0,0,1,0,1,0,0,0,0,0,0,0,2,0
357,1942,0,1,0,0,0,0,0,1,0,0,0,1,0,0,0,3,0
358,1942,1,5,2,1,1,1,1,1,1,1,0,0,0,1,0,10,5
359,1942,0,1,0,0,0,0,0,1,0,0,0,0,0,0,0,2,0
360,1942,0,2,0,2,0,0,0,1,0,1,1,1,0,2,0,9,1
361,1942,0,2,0,1,0,1,0,0,0,0,0,1,0,1,0,6,0
362,1942,0,0,0,2,0,0,0,1,0,1,0,1,0,1,0,6,0
363,1942,0,1,0,1,0,1,0,0,0,0,0,0,0,0,0,3,0
364,1942,0,2,1,1,0,1,0,0,0,1,0,0,0,2,2,7,3
365,1941,0,1,0,0,0,0,0,1,0,0,0,1,1,0,0,3,1
366,1941,0,1,0,1,1,1,0,1,0,1,0,1,0,2,0,8,1
367,1941,0,2,0,2,2,1,0,1,0,0,0,0,0,0,0,6,2
368,1941,0,1,0,1,0,0,0,1,0,0,0,1,0,1,0,5,0
369,1941,1,2,1,1,0,1,1,1,1,1,0,1,1,2,0,9,4
370,1941,0,3,0,1,0,1,0,0,0,1,0,1,0,1,0,8,0
371,1941,0,1,0,1,0,0,0,0,0,0,0,0,0,0,0,2,0
372,1941,0,0,0,0,0,0,0,0,0,0,0,0,0,0,0,0,0
373,1941,0,3,1,1,0,1,0,1,0,1,1,1,0,2,0,10,2
374,1941,0,1,1,0,0,0,0,0,0,0,0,0,0,1,0,2,1
375,1940,0,1,0,0,0,0,0,1,0,0,0,0,0,0,0,2,0
376,1940,0,1,0,1,0,0,0,1,0,0,0,1,0,0,0,4,0
377,1940,0,2,1,1,0,1,1,0,0,1,0,0,0,1,0,6,2
378,1940,0,2,0,1,0,0,0,0,0,0,0,0,0,1,0,4,0
379,1940,0,1,1,1,0,1,0,0,0,0,0,0,0,1,0,4,1
380,1940,0,2,0,0,0,1,0,1,0,1,0,0,0,1,0,6,0
381,1940,0,0,0,1,0,0,0,1,0,1,0,0,0,1,0,4,0
382,1940,0,1,0,0,0,0,0,0,0,0,0,1,0,3,0,5,0
383,1940,0,3,1,1,1,1,0,0,0,0,0,0,0,0,0,5,2
384,1940,1,3,0,1,0,1,0,1,1,1,0,1,0,1,0,9,1
385,1939,0,1,0,0,0,0,0,0,0,0,0,0,0,1,0,2,0
386,1939,1,4,2,1,1,1,1,1,1,1,1,1,1,2,0,11,7
387,1939,0,2,1,1,0,1,0,0,0,1,0,0,0,1,0,6,1
388,1939,0,2,0,1,0,0,0,0,0,0,0,1,0,1,0,5,0
389,1939,0,3,0,2,1,1,0,0,0,1,0,1,0,2,0,10,1
390,1939,0,1,0,2,0,0,0,0,0,0,0,0,0,0,0,3,0
391,1939,0,0,0,0,0,0,0,1,0,0,0,0,0,3,0,4,0
392,1939,0,1,1,0,0,1,0,1,0,1,0,1,0,1,1,6,2
393,1939,0,0,0,0,0,0,0,1,0,0,0,1,0,2,2,4,2
394,1939,0,2,0,1,0,1,0,1,1,0,0,1,0,1,0,7,1
395,1938,0,0,0,0,0,0,0,0,0,1,1,1,1,1,1,3,3
396,1938,0,0,0,1,0,0,0,0,0,1,0,1,0,2,1,5,1
397,1938,0,1,1,2,1,1,0,0,0,0,0,0,0,0,0,4,2
398,1938,0,1,0,1,0,1,0,0,0,0,0,0,0,0,0,3,0
399,1938,0,1,0,1,0,1,0,0,0,0,0,0,0,1,0,4,0
400,1938,0,0,0,0,0,0,0,0,0,0,0,0,0,0,0,0,0
401,1938,0,2,2,0,0,0,0,1,0,0,0,0,0,1,0,4,2
402,1938,0,2,0,1,1,0,0,0,0,0,0,0,0,0,0,3,1
403,1938,0,0,0,1,0,0,0,0,0,1,0,0,0,0,0,2,0
404,1938,1,1,0,1,0,1,1,1,0,1,0,0,0,1,0,6,1
405,1937,0,2,0,1,0,1,1,0,0,1,0,0,0,0,0,5,1
406,1937,0,1,1,1,0,0,0,0,0,1,0,0,0,0,0,3,1
407,1937,0,1,0,0,0,0,0,1,0,0,0,1,0,0,0,3,0
408,1937,0,1,1,0,0,1,0,1,1,1,0,0,0,0,0,4,2
409,1937,0,1,1,1,0,0,0,0,0,0,0,0,0,2,0,4,1
410,1937,1,2,1,2,1,1,0,0,0,0,0,1,0,2,0,8,2
411,1937,0,1,0,0,0,0,0,0,0,1,1,1,1,2,0,5,2
412,1937,0,0,0,1,0,0,0,0,0,1,0,0,0,2,1,4,1
413,1937,0,1,0,1,0,1,0,0,0,0,0,0,0,0,0,3,0
414,1937,0,2,0,2,1,1,0,0,0,0,0,0,0,0,0,5,1
415,1936,0,1,1,0,0,0,0,1,1,1,1,1,0,1,1,5,4
416,1936,0,2,0,1,0,1,0,0,0,0,0,1,1,1,0,6,1
417,1936,1,1,1,1,0,1,0,0,0,1,0,1,0,0,0,5,1
418,1936,0,0,0,0,0,0,0,0,0,0,0,0,0,0,0,0,0
419,1936,0,1,0,1,0,1,1,0,0,0,0,0,0,1,0,4,1
420,1936,0,2,0,0,0,0,0,0,0,0,0,1,0,0,0,3,0
421,1936,0,1,0,1,0,1,0,0,0,0,0,0,0,1,1,4,1
422,1936,0,1,1,2,2,0,0,0,0,0,0,0,0,0,0,3,3
423,1936,0,0,0,0,0,0,0,0,0,1,0,0,0,0,0,1,0
424,1936,0,0,0,1,0,0,0,0,0,0,0,0,0,1,0,2,0
425,1935,0,0,0,0,0,0,0,0,0,0,0,0,0,0,0,0,0
426,1935,0,0,0,1,0,0,0,0,0,0,0,0,0,0,0,1,0
427,1935,0,0,0,1,0,1,0,0,0,0,0,0,0,2,0,4,0
428,1935,0,0,0,0,0,0,0,0,0,1,0,0,0,0,0,1,0
429,1935,0,1,1,1,1,1,1,0,0,1,0,0,0,1,1,5,4
430,1935,0,0,0,0,0,0,0,1,0,1,0,0,0,0,0,2,0
431,1935,0,0,0,1,0,1,0,0,0,1,0,1,0,1,0,5,0
432,1935,0,0,0,0,0,0,0,1,1,1,1,0,0,0,0,2,2
433,1935,1,2,0,1,0,1,0,0,0,1,0,0,0,1,0,6,0
434,1935,0,0,0,0,0,0,0,0,0,0,0,0,0,1,1,1,1
435,1935,0,0,0,0,0,0,0,0,0,0,0,0,0,0,0,0,0
436,1935,0,0,0,0,0,0,0,0,0,0,0,1,0,1,0,2,0
437,1934,0,0,0,0,0,0,0,0,0,0,0,0,0,0,0,0,0
438,1934,0,0,0,0,0,0,0,1,1,1,0,0,0,1,0,3,1
439,1934,0,0,0,0,0,0,0,0,0,0,0,0,0,1,0,1,0
440,1934,0,0,0,0,0,0,0,0,0,0,0,1,0,3,1,4,1
441,1934,0,0,0,0,0,0,0,0,0,0,0,0,0,0,0,0,0
442,1934,0,0,0,0,0,0,0,0,0,0,0,0,0,0,0,0,0
443,1934,0,0,0,0,0,0,0,0,0,0,0,0,0,1,0,1,0
444,1934,1,2,2,1,1,1,1,0,0,0,0,0,0,0,0,4,4
445,1934,0,1,0,0,0,1,0,0,0,1,0,0,0,2,2,5,2
446,1934,0,0,0,1,0,1,0,0,0,0,0,0,0,0,0,2,0
447,1934,0,0,0,1,0,0,0,0,0,0,0,0,0,1,0,2,0
448,1934,0,0,0,0,0,0,0,0,0,0,0,0,0,1,0,1,0
449,1933,1,0,0,0,0,1,1,0,0,0,0,1,1,0,0,2,2
450,1933,0,0,0,0,0,0,0,1,1,0,0,1,0,1,1,3,2
451,1933,0,0,0,0,0,0,0,0,0,0,0,0,0,1,0,1,0
452,1933,0,0,0,0,0,0,0,0,0,0,0,0,0,1,0,1,0
453,1933,0,0,0,1,0,1,0,0,0,0,0,0,0,0,0,2,0
454,1933,0,0,0,1,1,1,0,0,0,0,0,0,0,0,0,2,1
455,1933,0,1,1,0,0,0,0,0,0,0,0,0,0,0,0,1,1
456,1933,0,0,0,0,0,0,0,0,0,0,0,0,0,0,0,0,0
457,1933,0,0,0,0,0,0,0,0,0,0,0,0,0,0,0,0,0
458,1933,0,0,0,1,0,0,0,0,0,0,0,0,0,0,0,1,0
459,1932,0,0,0,1,0,0,0,1,0,0,0,1,0,0,0,3,0
460,1932,0,0,0,1,1,1,1,0,0,0,0,0,0,0,0,2,2
461,1932,0,1,1,1,1,1,0,0,0,0,0,0,0,0,0,3,2
462,1932,0,0,0,0,0,0,0,0,0,0,0,0,0,0,0,0,0
463,1932,1,0,0,0,0,0,0,0,0,0,0,0,0,0,0,0,0
464,1932,0,0,0,0,0,0,0,0,0,0,0,0,0,0,0,0,0
465,1932,0,0,0,0,0,1,0,1,1,0,0,0,0,0,0,2,1
466,1932,0,0,0,0,0,0,0,0,0,0,0,0,0,0,0,0,0
467,1931,1,2,0,1,1,1,0,1,0,0,0,1,1,0,0,6,2
468,1931,0,0,0,0,0,0,0,0,0,0,0,0,0,0,0,0,0
469,1931,0,1,0,0,0,1,0,0,0,0,0,0,0,0,0,2,0
470,1931,0,1,0,1,0,1,1,0,0,0,0,0,0,0,0,3,1
471,1931,0,0,0,0,0,0,0,0,0,0,0,0,0,0,0,0,0
472,1930,1,0,0,1,0,0,0,1,0,0,0,0,0,0,0,2,0
473,1930,0,1,0,1,1,0,0,0,0,0,0,0,0,1,1,3,2
474,1930,0,1,1,1,0,0,0,0,0,0,0,0,0,0,0,2,1
475,1930,0,1,1,1,0,0,0,0,0,0,0,0,0,0,0,2,1
476,1930,0,0,0,0,0,0,0,1,0,0,0,1,0,1,0,3,0
477,1929,0,0,0,0,0,0,0,0,0,0,0,0,0,0,0,0,0
478,1929,0,1,1,0,0,0,0,0,0,0,0,0,0,0,0,1,1
479,1929,1,1,0,0,0,0,0,0,0,0,0,0,0,0,0,1,0
480,1929,0,0,0,0,0,0,0,0,0,0,0,0,0,0,0,0,0
481,1929,0,1,0,0,0,0,0,0,0,0,0,0,0,0,0,1,0
482,1928,0,0,0,0,0,0,0,0,0,0,0,0,0,0,0,0,0
483,1928,0,1,1,0,0,0,0,0,0,0,0,0,0,0,0,1,1
484,1928,1,0,0,0,0,0,0,0,0,0,0,0,0,0,0,0,0
